Symbol,Date,Open,Close,Volume,MarketCap,Sector,Industry
A,2018-12-31,183.4371962505137,183.53197063722487,10000,23724086904.871216,Technology,Computer Software: Prepackaged Software
A,2019-01-01,181.8430987343308,184.4933828804962,6569659,27582952024.103653,Health Care,"Computer Software: Programming, Data Processing"
A,2019-01-02,200.9159236307417,238.39894972118591,6569659,82663915873.58096,Capital Goods,Packaged Foods
A,2019-01-04,183.4371962505137,141.23725384777725,1336818,56293616463.11031,Technology,Semiconductors
A,2019-01-05,190.31169658125572,210.15438010871165,3134873,40483799037.60125,Health Care,Computer Software: Prepackaged Software
A,2019-01-06,187.87271243790275,184.00696712963958,60885,41780705466.457825,Consumer Services,Business Services
A,2019-01-07,194.2133596213925,174.7447563525518,3104412,37835243588.36011,Health Care,Semiconductors
A,2019-01-08,194.08094238609942,214.76962806781492,2880107,39917352538.648285,Technology,EDP Services
A,2019-01-09,212.97057528224593,144.84848707218356,3548326,38133976820.38104,Technology,Apparel
A,2019-01-10,157.8018608932397,165.1430451077157,4398448,22157655908.830284,,Computer Software: Prepackaged Software
A,2019-01-11,183.4371962505137,168.70522829936797,4745336,21277000953.73896,Technology,Apparel
A,2019-01-12,130.26939443479208,166.82839247044217,3024722,24095102216.89763,Technology,Medical/Dental Instruments
A,2019-01-13,155.1033781017327,183.53197063722487,10000,6611995770.0670395,Technology,Semiconductors
A,2019-01-14,177.57282249344055,169.00311326742397,10000,14815602473.659554,Consumer Services,
A,2019-01-15,166.55879221661309,152.4240123693478,2555965,23126245822.22706,,
A,2019-01-17,140.08748319434682,147.40219623574905,10000,25720877433.998848,Health Care,Electronic Components
A,2019-01-18,145.64890397957387,120.64246817898555,2879622,26145787618.138763,Consumer Services,Department/Specialty Retail Stores
A,2019-01-20,116.73804268322083,146.0294624570165,993411,25290174178.68943,Capital Goods,Semiconductors
A,2019-01-21,121.69512152943982,109.58557999379157,4068758,18872579040.746284,Technology,EDP Services
A,2019-01-22,104.20098113530864,88.76371709851365,1894537,9323581764.655975,Consumer Non-Durables,Computer Software: Prepackaged Software
A,2019-01-24,80.88444833564293,84.55882288531207,1375431,17223589056.44519,Technology,Computer Software: Prepackaged Software
A,2019-01-25,98.44892726301538,119.26573156996608,10000,20064352814.01892,Miscellaneous,Other Specialty Stores
A,2019-01-26,110.36811702494664,110.89575199301747,1770597,5893960707.76,,Automotive Aftermarket
A,2019-01-28,96.20013859251475,67.70194773011713,851057,13825898746.873703,Technology,Diversified Commercial Services
A,2019-01-29,79.60998413158555,183.53197063722487,10000,7759850339.780029,Capital Goods,
A,2019-01-30,108.88445787177955,100.01533068777604,6569659,15061811860.410423,Health Care,Radio And Television Broadcasting And Communications Equipment
A,2019-01-31,92.64413155534344,101.91304092552276,1127065,53254464155.778015,Consumer Durables,
A,2019-02-01,88.77643790726597,65.973111284169,606353,28220386817.167564,Miscellaneous,Semiconductors
A,2019-02-02,183.4371962505137,76.88631892958963,4333530,23789656746.414978,Technology,Consumer Electronics/Video Chains
A,2019-02-03,100.33829756675225,96.7086066327531,2096826,8831483541.092285,Technology,Packaged Foods
A,2019-02-05,88.70789370197929,86.39698224440396,3670186,25816158006.54721,Health Care,Semiconductors
A,2019-02-06,79.04539818261256,48.10000881174045,6693083,26693827598.962524,Miscellaneous,Computer Software: Prepackaged Software
A,2019-02-07,78.66629046655754,10.044671145104616,5076525,12816104649.272057,Consumer Services,Medical/Dental Instruments
A,2019-02-08,49.13387221189632,44.71937284659461,2646878,9499644783.63919,Technology,Semiconductors
A,2019-02-10,73.04464782354948,45.7356440545112,4927434,5893960707.76,Technology,Packaged Foods
A,2019-02-11,56.076368359185864,52.31305791383801,910353,25068156657.142365,Technology,Computer Software: Prepackaged Software
A,2019-02-13,48.02422295306491,183.53197063722487,1379328,33404239312.23883,Health Care,Electronic Components
A,2019-02-14,70.43647588316442,78.07074412210407,376539,32138827880.307053,Technology,Business Services
A,2019-02-16,60.96679384449084,89.31573899637448,3828108,,Consumer Non-Durables,Semiconductors
A,2019-02-17,89.2988461815317,89.33664851774178,6306063,43717997292.62732,Health Care,Clothing/Shoe/Accessory Stores
A,2019-02-18,65.03339028182124,80.8012098441297,3221441,52525379114.76529,Consumer Non-Durables,Computer Software: Prepackaged Software
A,2019-02-19,69.87095109266996,83.6220025917093,6569659,23230455448.471336,Consumer Services,EDP Services
A,2019-02-21,87.99239117198594,89.50183549217083,1153700,27631671752.639076,,
A,2019-02-22,183.4371962505137,60.817193752355294,957259,39624862306.32435,Technology,Electronic Components
A,2019-02-23,96.58051857044465,92.76725841451821,3728973,24404683940.195297,Health Care,Computer Software: Prepackaged Software
A,2019-02-24,82.83275507395618,71.74380561235523,4390219,22785895166.92449,Health Care,Other Specialty Stores
A,2019-02-25,103.68081906131854,93.35641183017236,10000,,Consumer Non-Durables,Semiconductors
A,2019-02-26,134.0332232556702,123.76460557770633,4696031,30848135485.79162,,Automotive Aftermarket
A,2019-02-27,87.81923194370474,113.82834747732869,4586469,35032536446.322495,Technology,Television Services
A,2019-02-28,78.86299970085378,85.965571943347,5071214,35186608967.14632,Consumer Services,Semiconductors
A,2019-03-01,100.88613353007594,76.34355796583566,2565647,21084149614.50656,Consumer Services,Computer Software: Prepackaged Software
A,2019-03-02,76.25289743210682,120.2006426188596,6569659,25206475886.43261,Technology,Biotechnology: Biological Products (No Diagnostic Substances)
A,2019-03-03,71.18748768079668,183.53197063722487,923116,35260231177.61567,Technology,EDP Services
A,2019-03-04,101.6855965695916,110.98906358501347,1636591,38786450426.20096,,RETAIL: Building Materials
A,2019-03-05,123.58673364634242,122.83432060679795,4603432,22584659322.68612,Health Care,Semiconductors
A,2019-03-07,118.39552790537596,102.5257021909761,49445,25696164192.389793,Technology,Major Pharmaceuticals
A,2019-03-08,116.54894508462431,98.06259908985709,10000,11198065113.205833,Health Care,Semiconductors
A,2019-03-09,104.80034809167492,88.22905835483608,2177014,22249557189.863113,Health Care,Biotechnology: Commercial Physical & Biological Resarch
A,2019-03-10,80.97430512088883,107.6429432529559,1724562,29265140168.25338,Capital Goods,Apparel
A,2019-03-11,103.41947014955853,97.89492790277188,3384375,5893960707.76,Miscellaneous,Major Pharmaceuticals
A,2019-03-12,183.4371962505137,124.10776927158213,1214278,7286181806.630211,Health Care,
A,2019-03-13,122.70288454764287,135.1350136894976,10000,14978735357.792458,Health Care,EDP Services
A,2019-03-14,119.80428593099188,107.86508277760791,795230,25322889582.607277,Technology,Semiconductors
A,2019-03-15,134.89486480398824,121.76663146378104,10000,5893960707.76,Consumer Services,"Computer Software: Programming, Data Processing"
A,2019-03-16,126.40342930802046,183.53197063722487,3498844,33372964452.018463,Technology,Major Pharmaceuticals
A,2019-03-17,107.12513028009515,152.32452316372365,3053903,17201316628.822212,Consumer Services,Medical/Dental Instruments
A,2019-03-18,141.40161125913107,143.14986058332428,3236296,17059448177.928795,Consumer Services,Computer Software: Prepackaged Software
A,2019-03-19,137.78176738561012,109.6841233551977,1931052,17822121445.582245,Technology,Biotechnology: Biological Products (No Diagnostic Substances)
A,2019-03-20,128.0225273184335,91.92769109624224,2959986,29880372050.548355,Health Care,Hotels/Resorts
A,2019-03-21,120.52214433900872,121.81416507343846,3055912,28146030817.68341,Consumer Non-Durables,Biotechnology: In Vitro & In Vivo Diagnostic Substances
A,2019-03-22,123.10890279590657,115.82965728315978,869951,14953400326.544548,Consumer Non-Durables,Television Services
A,2019-03-23,101.76870597979071,139.0528540579333,518131,15935210028.350105,Consumer Services,Computer Software: Prepackaged Software
A,2019-03-24,128.08678970444473,89.19479383038004,310211,15008843879.684036,Technology,Biotechnology: Biological Products (No Diagnostic Substances)
A,2019-03-25,99.38137237822548,97.58845681985972,460599,28918695202.080505,Consumer Services,Apparel
A,2019-03-26,107.10897694139408,114.15761977004422,1665234,,Technology,Computer Software: Prepackaged Software
A,2019-03-27,123.3538965619095,129.48185861030728,4731287,22079067105.344955,Miscellaneous,Semiconductors
A,2019-03-28,131.05940325244438,143.74295538230922,6569659,11453006589.232857,Technology,Semiconductors
A,2019-03-29,111.5426560265069,149.58188874984435,6569659,23427072283.963905,,Business Services
A,2019-03-30,94.16563391862337,141.23215813948434,4816069,34503775806.35081,Miscellaneous,Television Services
A,2019-03-31,97.40450555437612,101.42675849261566,3397195,21065078824.21659,Technology,Apparel
A,2019-04-01,106.82377092592509,183.53197063722487,812962,18247217007.999588,Technology,
A,2019-04-02,117.26387729032892,183.53197063722487,3341659,28739805164.366585,,Semiconductors
A,2019-04-03,121.86445958498646,118.53668976954728,10000,35161497934.65028,Consumer Non-Durables,Business Services
A,2019-04-04,118.36466458713531,144.09193459167864,801126,37193819300.284134,Technology,Broadcasting
A,2019-04-05,129.08953386890687,157.72098138902487,4824067,36592185687.047676,Technology,Television Services
A,2019-04-06,183.4371962505137,144.48899604424264,6884477,46958145031.74446,Consumer Services,Railroads
A,2019-04-07,126.47353093732642,105.955328936454,3065478,38687547253.147934,Technology,Apparel
A,2019-04-08,119.3932927000864,82.66492235884722,2013054,24580333720.101753,Consumer Services,Computer Software: Prepackaged Software
A,2019-04-09,108.18094092606955,91.82505712318323,2566643,21748128259.66909,,Computer Software: Prepackaged Software
A,2019-04-10,80.96380237975619,105.58628729589859,493855,27056670818.592506,,Beverages (Production/Distribution)
A,2019-04-11,79.72909416573388,114.38645701291757,2362315,14919082172.93647,Health Care,Auto Manufacturing
A,2019-04-12,104.39792727354019,104.23085522439317,436190,20996697412.131905,Consumer Services,Computer Communications Equipment
A,2019-04-13,56.954641441185515,59.9496680690269,1760401,38514320908.01405,Consumer Services,Semiconductors
A,2019-04-14,49.51587542049418,56.44407532946309,5987445,21802486577.47616,Health Care,Catalog/Specialty Distribution
A,2019-04-15,62.497491590149224,90.14132274305594,4297345,21428030181.17507,Technology,Restaurants
A,2019-04-17,71.06081426915767,55.67292480780205,375386,34556662684.080826,Consumer Services,Semiconductors
A,2019-04-18,67.90404300832398,56.64175896556374,2129083,16552249348.84996,Consumer Services,Industrial Specialties
A,2019-04-19,78.15278802541597,62.93863235747757,6569659,5893960707.76,Capital Goods,EDP Services
A,2019-04-20,65.1303190882475,49.224268656038475,10000,20654995040.22312,Consumer Services,Automotive Aftermarket
A,2019-04-21,47.763575978891026,41.21741425558079,2080764,,Technology,Biotechnology: Biological Products (No Diagnostic Substances)
A,2019-04-22,183.4371962505137,183.53197063722487,8714467,36372412015.066925,Technology,Computer Software: Prepackaged Software
A,2019-04-23,117.63999738453292,125.46775719597993,10000,41918769800.616615,Technology,
A,2019-04-24,103.35446195486205,82.14367660788554,345038,39089634667.90378,Technology,"Computer Software: Programming, Data Processing"
A,2019-04-25,111.05254126831358,117.74396258813778,7295367,40647265988.83826,Consumer Services,Biotechnology: Biological Products (No Diagnostic Substances)
A,2019-04-26,109.32172989106618,115.31297177415878,1457545,38605440124.438995,Health Care,Television Services
A,2019-04-27,128.6174018742485,110.74347765751844,3413435,36071550794.90307,Technology,Semiconductors
A,2019-04-29,107.83541214929157,106.75545608701236,4495781,16054968257.613297,Technology,Semiconductors
A,2019-04-30,113.0732879655166,75.1129597748359,3230438,23463329185.39003,Consumer Services,Computer Software: Prepackaged Software
A,2019-05-01,95.40837054378717,106.76024894959278,1243624,25646274263.478127,Health Care,EDP Services
A,2019-05-02,91.80815898712862,89.4278445788186,4047601,33860598148.7342,Consumer Services,
A,2019-05-03,93.65255264003349,56.19308206982605,4028609,26937692722.913475,Consumer Services,Semiconductors
A,2019-05-05,76.40771854095007,75.49774061430463,4259913,19096118208.987206,Consumer Services,Business Services
A,2019-05-06,78.36342194657729,71.19462783075092,3918708,11897802455.67392,Health Care,Computer Software: Prepackaged Software
A,2019-05-07,75.5982792134914,55.80181418741421,2580321,31650271154.251648,Public Utilities,EDP Services
A,2019-05-08,63.80204259399258,63.31033377342101,3265847,33053071062.0391,,"Computer Software: Programming, Data Processing"
A,2019-05-10,47.46984142175043,5.269999980926514,2795276,37514365376.28192,Health Care,
A,2019-05-11,17.664860802390592,183.53197063722487,5862400,28757898856.652634,Consumer Services,Computer Software: Prepackaged Software
A,2019-05-12,57.039637308647386,16.748428724431278,4943999,24578572626.466225,Consumer Services,Semiconductors
A,2019-05-14,34.83941340066164,33.91807766461301,860422,23735445186.410873,Technology,Business Services
A,2019-05-15,44.07456931758563,35.99438786950466,7943758,21257281339.478004,Technology,Semiconductors
A,2019-05-17,46.893383953351815,17.655262903428365,143775,21293109553.63759,Capital Goods,EDP Services
A,2019-05-18,41.77160861387455,7.40436566403767,10000,19045834351.236015,Technology,Other Specialty Stores
A,2019-05-19,57.15650991673989,52.857732511369534,2273030,5995296309.742455,Health Care,Biotechnology: Biological Products (No Diagnostic Substances)
A,2019-05-20,41.996211093000056,59.54222208087201,2023167,13713439787.284073,Health Care,Semiconductors
A,2019-05-21,49.38885104006212,56.59649011514762,10000,14661522228.740845,Capital Goods,Computer Software: Prepackaged Software
A,2019-05-22,183.4371962505137,30.369410608781635,2520284,5893960707.76,Technology,Computer Software: Prepackaged Software
A,2019-05-23,66.43296608638846,61.26993492533609,1050561,5893960707.76,Consumer Services,EDP Services
A,2019-05-24,183.4371962505137,76.48390281370321,10000,11901394159.799004,Technology,Computer Software: Prepackaged Software
A,2019-05-25,183.4371962505137,108.1353967158887,2379891,24932977272.42598,Technology,Biotechnology: Biological Products (No Diagnostic Substances)
A,2019-05-26,116.45487667386156,110.08634635207906,5048966,37590675571.773926,Technology,Computer Software: Prepackaged Software
A,2019-05-27,102.84046815741017,103.08787161473978,2694951,15613462855.596497,Health Care,Semiconductors
A,2019-05-28,128.0657008670911,101.80446415398951,1200506,24469890749.279106,Consumer Services,Computer Software: Prepackaged Software
A,2019-05-29,102.79409640562572,183.53197063722487,10000,16804684356.084312,Technology,Biotechnology: Laboratory Analytical Instruments
A,2019-05-30,139.95385182638518,121.39656717031241,959068,20847973827.021248,Consumer Non-Durables,Biotechnology: Commercial Physical & Biological Resarch
A,2019-05-31,129.94525281884182,114.94244223945067,3999134,19190572303.382057,Consumer Services,Computer Software: Prepackaged Software
A,2019-06-01,121.84472636459607,121.94461696136437,3480103,10170011255.277946,Consumer Services,Biotechnology: Laboratory Analytical Instruments
A,2019-06-02,111.05177791118865,126.3622537039939,3027012,20347182134.65587,Consumer Services,Semiconductors
A,2019-06-03,145.2426049562757,115.03421765754268,371909,26298817386.152077,Technology,Department/Specialty Retail Stores
A,2019-06-04,109.7707681391405,119.84095847191358,2446479,,Consumer Non-Durables,Automotive Aftermarket
A,2019-06-05,123.89043571720623,139.31605331650454,2938229,48288807686.30568,Consumer Services,Diversified Commercial Services
A,2019-06-07,113.07415222616953,162.72744895078873,3923548,45247561183.745605,Consumer Services,Other Specialty Stores
A,2019-06-08,153.084489345578,183.53197063722487,4377823,34522317496.14063,Health Care,Automotive Aftermarket
A,2019-06-09,123.0837997529822,126.339075034317,1922713,38118026564.427704,,Industrial Specialties
A,2019-06-10,126.17912515236907,92.51529078171923,634277,12879241400.92463,Consumer Non-Durables,Department/Specialty Retail Stores
A,2019-06-12,132.50872010920952,127.4162621211288,10000,23310762863.070282,Consumer Services,Transportation Services
A,2019-06-13,183.4371962505137,132.80702553031458,1415389,9936550487.147408,Technology,Railroads
A,2019-06-14,135.44873304344284,127.85992231180293,2460915,23808704364.420273,Health Care,EDP Services
A,2019-06-15,141.60394476833628,161.2387362368399,10000,21528146037.126236,Technology,Semiconductors
A,2019-06-16,183.4371962505137,146.9102475156704,1006939,17849727360.7286,Technology,Business Services
A,2019-06-17,158.26219156223107,183.53197063722487,6569659,14393415032.969292,Consumer Non-Durables,
A,2019-06-19,127.65893681014212,127.08313622644843,1751540,40470034700.50253,Consumer Services,Industrial Specialties
A,2019-06-20,137.00507783365487,141.68638281754954,2997240,18995550493.484818,Technology,Industrial Machinery/Components
A,2019-06-21,183.4371962505137,166.0999936685289,10000,32734139321.87387,Consumer Non-Durables,Biotechnology: In Vitro & In Vivo Diagnostic Substances
A,2019-06-22,149.4843348213483,188.01893490814098,10000,24812744011.32689,Technology,Computer Software: Prepackaged Software
A,2019-06-23,174.3262147377443,188.78196565345243,927490,15948673125.748001,Technology,Television Services
A,2019-06-24,160.4296476020475,177.39454935337642,10000,15019263683.69423,Technology,Computer Software: Prepackaged Software
A,2019-06-25,164.8142239594548,158.78664497702266,1417170,9657436456.153816,Transportation,RETAIL: Building Materials
A,2019-06-26,155.6544605263923,160.9866457101286,803667,19881338109.632317,,Business Services
A,2019-06-27,156.37563120239372,164.52296412230615,2651007,12006704469.565483,Consumer Services,Computer Software: Prepackaged Software
A,2019-06-28,149.58462415396824,143.77438111131633,10000,17100914981.360023,Consumer Services,Consumer Electronics/Video Chains
A,2019-06-29,168.5525274780794,154.66489288457277,893629,21121507199.454895,Technology,Apparel
A,2019-06-30,167.32252334266173,157.33261687529156,686711,8833410702.768005,Technology,Electronic Components
A,2019-07-01,182.69763480975536,140.51100349479537,1747560,,Technology,Computer Software: Prepackaged Software
A,2019-07-02,174.64587985641668,157.99007736085323,1535730,,Health Care,Business Services
A,2019-07-04,190.89014963627616,211.4059865751154,2179952,64187580616.15788,Technology,Computer Software: Prepackaged Software
A,2019-07-05,210.24715177088135,188.54452857988446,238843,34408881438.54708,Technology,Industrial Specialties
A,2019-07-06,205.6570546689168,167.65613673599287,2340585,20841284760.844208,Consumer Services,"Computer Software: Programming, Data Processing"
A,2019-07-07,180.16345367161443,184.2714892808272,1362977,30993240332.44506,Consumer Services,Computer Software: Prepackaged Software
A,2019-07-08,185.49520527705758,156.3363773750829,2757941,30140963701.98935,Technology,Computer Software: Prepackaged Software
A,2019-07-09,189.91302125820954,198.12865996029012,10000,18555763702.581642,Consumer Services,Major Pharmaceuticals
A,2019-07-10,181.20037945457796,169.4387173232388,2267031,27614840949.86798,Consumer Services,Semiconductors
A,2019-07-11,180.83527758692142,163.30015433299957,2694400,22491611013.56173,Health Care,Other Specialty Stores
A,2019-07-12,184.4518503216132,180.7500872544157,2599082,21439141291.678154,Health Care,Industrial Specialties
A,2019-07-14,190.35391593350715,181.94584200378875,4509625,24586088170.796783,Consumer Non-Durables,Industrial Specialties
A,2019-07-15,208.46036306469415,141.63222171476355,10000,7961024391.259262,,Other Specialty Stores
A,2019-07-16,179.50153968921305,167.19201800071897,1905938,9246638193.382782,Transportation,Computer Software: Prepackaged Software
A,2019-07-17,198.5932198356429,170.29080775063343,10000,17870246418.810936,Consumer Non-Durables,Apparel
A,2019-07-18,181.25925309864368,181.9425192047711,1200376,16575950734.028076,Consumer Services,Computer Software: Prepackaged Software
A,2019-07-19,179.2092139427434,182.19178317149905,445740,28337024512.094124,Technology,Semiconductors
A,2019-07-20,186.59344654204517,195.97549168318116,246540,17021101908.834206,Consumer Services,Business Services
A,2019-07-21,187.55051047292295,219.01227924104217,3042696,20759938455.4822,Consumer Services,Semiconductors
A,2019-07-22,200.41762362222747,169.56031975221072,729877,24827377309.10103,Technology,Biotechnology: Biological Products (No Diagnostic Substances)
A,2019-07-23,171.62128563660832,189.25341523004954,3729723,44857382392.29051,Technology,Major Pharmaceuticals
A,2019-07-24,201.7833353253733,140.81646948106754,5489695,22578518667.246452,Consumer Non-Durables,Semiconductors
A,2019-07-25,163.58952713025485,131.74733765880325,1568217,32216895307.38713,Miscellaneous,EDP Services
A,2019-07-26,138.50355664410935,155.95565203472066,2472048,,Consumer Services,Major Pharmaceuticals
A,2019-07-27,135.38907273573074,148.74936808071936,5221523,48500125405.402695,Health Care,EDP Services
A,2019-07-28,144.8751669525903,134.6248240015763,3677664,35293216924.85476,Public Utilities,Business Services
A,2019-07-29,161.57506496800275,110.28311267290562,4207989,50108585132.7783,Technology,EDP Services
A,2019-07-31,152.7702472431473,171.9026579701911,2364021,23566075095.652145,Technology,Television Services
A,2019-08-01,124.45485934311242,143.49037327994864,3019815,28962479233.97953,Technology,Biotechnology: Commercial Physical & Biological Resarch
A,2019-08-02,118.71801119377895,111.14702615302552,992995,29822290719.00302,Capital Goods,
A,2019-08-03,183.4371962505137,130.9645956077696,1891217,29695325909.204987,Technology,Apparel
A,2019-08-04,122.7553192853276,122.09731264741993,1142724,13208368946.34816,Consumer Services,
A,2019-08-05,108.84780795556314,84.89829098368172,473557,14341609528.524246,Technology,
A,2019-08-07,115.3139078373585,84.44942096893895,10000,24749383260.922432,Miscellaneous,Biotechnology: Commercial Physical & Biological Resarch
A,2019-08-08,99.95161769898672,103.23737205907506,1386244,16147147606.062256,Technology,Medical/Nursing Services
A,2019-08-09,91.71760026429658,109.00904953855984,5193202,42656554103.5022,Technology,Computer Software: Prepackaged Software
A,2019-08-10,101.58685149966118,104.11414989837371,10000,14873386427.551521,Technology,Computer Communications Equipment
A,2019-08-11,68.36823433403913,70.1812885204568,10000,23663394829.252174,Health Care,Hotels/Resorts
A,2019-08-12,85.79462458977795,115.4997002957899,1354193,28423437823.70572,Technology,Semiconductors
A,2019-08-13,89.79786238573928,97.82720457894789,2773208,17357277690.84729,Technology,Apparel
A,2019-08-14,111.84784532763135,96.31696129046772,1093258,14076900934.50547,Consumer Durables,Semiconductors
A,2019-08-15,96.40851753918058,93.95284232106309,10000,5893960707.76,Consumer Services,RETAIL: Building Materials
A,2019-08-16,87.79825278409895,121.14044308983608,1714648,10430081530.31369,Technology,
A,2019-08-18,183.4371962505137,98.84919913192385,1545470,20452345686.619385,Technology,Biotechnology: Biological Products (No Diagnostic Substances)
A,2019-08-19,105.1760338619975,183.53197063722487,10000,32885380961.919525,Technology,
A,2019-08-20,116.5765751028588,119.85283967979379,4098598,40336033240.257286,Miscellaneous,Computer Software: Prepackaged Software
A,2019-08-21,106.97325730911368,117.29416647998433,819171,15309446342.668991,,EDP Services
A,2019-08-22,91.93864041017244,96.7292352537494,2626199,32110646520.091194,Consumer Non-Durables,
A,2019-08-23,62.53206201626668,119.03717522746373,2812188,32893402434.465553,Health Care,Computer Software: Prepackaged Software
A,2019-08-24,94.77708297569112,95.14692346383111,10000,30412863428.353195,Public Utilities,EDP Services
A,2019-08-26,96.36984077818421,86.89426368246356,6569659,23246784185.07441,Technology,Computer Software: Prepackaged Software
A,2019-08-27,89.47455870778249,65.30332190576082,3033943,12219526456.142845,Technology,Packaged Foods
A,2019-08-28,82.43852937713964,50.83672456702112,2200889,28591116337.682953,Health Care,Semiconductors
A,2019-08-29,81.22053605188732,75.15900110127231,3498460,28097577570.421776,Technology,Other Specialty Stores
A,2019-08-30,80.86522402000249,98.11884061101591,4348716,25762734304.222153,Health Care,Business Services
A,2019-09-01,87.50775591407442,63.36232667646826,2497886,34822912235.03069,Consumer Services,EDP Services
A,2019-09-02,81.10888410459174,183.53197063722487,2065793,18438121875.31904,Transportation,Computer Software: Prepackaged Software
A,2019-09-03,78.94789027767773,108.64015712632653,3343975,36176494210.16214,Health Care,Medical/Nursing Services
A,2019-09-04,81.11220075968626,95.7421952406914,2118514,47568439286.37931,Technology,Biotechnology: Commercial Physical & Biological Resarch
A,2019-09-06,72.32445108594882,105.13357245732757,925430,,Consumer Non-Durables,Semiconductors
A,2019-09-07,91.2830043820571,113.94804175885847,3920508,49370246626.08417,Consumer Non-Durables,Transportation Services
A,2019-09-08,96.91642202807267,52.24179700096656,3162925,47665417228.780334,Technology,Broadcasting
A,2019-09-10,72.31048252798462,87.58021361034159,4959180,38778770744.85393,Miscellaneous,Television Services
A,2019-09-11,73.1383126202002,76.61762016844217,4411784,37717744656.85301,Technology,Television Services
A,2019-09-12,70.4279473414928,77.24124532650161,4973426,26695349245.65638,Technology,"Computer Software: Programming, Data Processing"
A,2019-09-13,72.34559695573132,54.88540306139291,5500751,40353572728.73479,Technology,Television Services
A,2019-09-15,61.41463002444891,47.9258154691658,4717907,33471956452.16275,Health Care,Catalog/Specialty Distribution
A,2019-09-16,68.57112939331323,43.788539242149085,4317857,22487555863.743088,Consumer Services,RETAIL: Building Materials
A,2019-09-17,51.40048132286512,37.07504670933946,2501350,,,Telecommunications Equipment
A,2019-09-18,63.287127503458905,38.5006073140957,10000,,Health Care,Computer Communications Equipment
A,2019-09-19,31.91672077636636,37.242472108600026,5247786,,Health Care,RETAIL: Building Materials
A,2019-09-21,55.82174049981316,62.511049323975655,3756972,62584870511.91801,Health Care,"Computer Software: Programming, Data Processing"
A,2019-09-22,57.76143972847635,56.160602964427625,2990603,46595043054.93558,Technology,Beverages (Production/Distribution)
A,2019-09-23,23.42913716290255,183.53197063722487,6569659,24181739527.26111,Technology,Computer Software: Prepackaged Software
A,2019-09-24,65.53799566405847,183.53197063722487,4396912,14997856354.699226,,Packaged Foods
A,2019-09-26,62.5664920548669,132.7235981201236,2598104,58355671732.03344,Consumer Services,Industrial Specialties
A,2019-09-27,101.56352084914182,77.64916533403259,1677333,23692765700.081497,Consumer Services,Semiconductors
A,2019-09-28,83.25264536376599,75.06379343177196,1789191,18661993179.640343,Capital Goods,Apparel
A,2019-09-29,78.19211407867954,100.42986063216243,1784790,8392086816.981186,,
A,2019-09-30,183.4371962505137,115.18239699232053,1996684,24493167309.23813,Technology,Semiconductors
A,2019-10-01,92.6463514329596,79.76589885794039,24981,21423256690.53141,,Beverages (Production/Distribution)
A,2019-10-02,87.33514068742248,92.12102077659219,5107343,23973474756.670418,Health Care,Industrial Machinery/Components
A,2019-10-04,87.0086256450091,125.07892963554127,2178683,,Technology,EDP Services
A,2019-10-05,121.98284135888917,115.66758215815337,6569659,27401072761.666267,,Semiconductors
A,2019-10-06,102.44568968474455,80.99966595625064,2493582,28588142561.149277,Consumer Services,Railroads
A,2019-10-07,183.4371962505137,72.1210109199432,3300620,19925222554.764946,Consumer Services,Diversified Commercial Services
A,2019-10-08,92.69669790632558,107.92422108384282,6569659,,Health Care,
A,2019-10-09,101.89803798003722,91.5623099386466,2564320,54402125623.11869,Technology,Industrial Specialties
A,2019-10-10,135.73862449229932,105.03585424076131,1492947,38504007310.30864,Consumer Services,Telecommunications Equipment
A,2019-10-12,106.31575237217525,136.73986773418972,3186921,30676733958.076126,Capital Goods,Medical/Dental Instruments
A,2019-10-13,84.90321650069764,104.2338134564254,2405830,29414404440.006516,Technology,Major Pharmaceuticals
A,2019-10-14,107.97579089229997,122.73195436690506,3333614,33235881077.91104,Technology,EDP Services
A,2019-10-15,66.89627121590111,116.00712048161577,4094941,26843953107.296196,Consumer Services,Business Services
A,2019-10-16,88.77111195583112,106.04738525491703,5963695,23353940553.520233,Health Care,EDP Services
A,2019-10-17,183.4371962505137,95.64758448447947,207027,31075679597.234383,Consumer Services,Major Pharmaceuticals
A,2019-10-18,120.9019627668697,109.14225776137633,1914622,,Health Care,
A,2019-10-19,132.2500210118372,147.75525288956646,5150462,49362744598.91967,Consumer Non-Durables,Computer Software: Prepackaged Software
A,2019-10-20,118.58393234060617,125.27833378641438,3268547,45366884932.67108,Technology,Semiconductors
A,2019-10-21,123.35199255620708,128.30617644184062,3690728,38643100880.11187,Technology,Business Services
A,2019-10-22,142.51193174577926,93.24221705121884,4614305,26749367703.28817,,Computer Software: Prepackaged Software
A,2019-10-23,183.4371962505137,152.18441971461243,3520085,35900230370.183945,Consumer Services,Business Services
A,2019-10-24,106.14590979898857,150.31056406306035,2679542,47689678610.838165,Technology,Television Services
A,2019-10-25,153.0746183482729,117.14668939613402,4765608,37170882600.50039,Technology,Packaged Foods
A,2019-10-26,124.39661168479245,149.60046109234347,2395031,46056115575.06143,Technology,Computer Software: Prepackaged Software
A,2019-10-27,132.52257460231598,117.01618483938853,2908714,38576496009.85249,Consumer Services,Semiconductors
A,2019-10-29,142.5761020024823,119.1017910909334,1769636,51393546248.883385,Consumer Services,Computer Software: Prepackaged Software
A,2019-10-30,183.4371962505137,75.88966685696103,6569659,28258111296.6233,Health Care,RETAIL: Building Materials
A,2019-10-31,94.55992980919852,71.22575510311383,10000,37075154030.44825,Consumer Services,Industrial Machinery/Components
A,2019-11-01,62.51130221215655,102.14409903695444,10000,23332417363.101845,Technology,Packaged Foods
A,2019-11-02,86.9321144481197,183.53197063722487,10000,21588629562.18318,Technology,Department/Specialty Retail Stores
A,2019-11-03,117.98992643255403,123.9520495174699,2728421,32054113869.571846,Consumer Services,Computer Software: Prepackaged Software
A,2019-11-05,106.1683718017451,110.68509866009893,2358670,26957802403.9665,Technology,Semiconductors
A,2019-11-06,117.39173083453461,100.60029693227479,1064764,24383709160.51429,Technology,Business Services
A,2019-11-07,122.47193392047268,95.46921274888598,2822038,24353809189.184822,Health Care,Major Pharmaceuticals
A,2019-11-08,112.7953908751633,114.16604678117461,1106522,27091290211.90139,Health Care,Clothing/Shoe/Accessory Stores
A,2019-11-09,107.954820506914,92.0266294737951,2441553,21329629074.29007,Technology,Apparel
A,2019-11-10,101.3783233912583,114.93906704593022,2672861,5893960707.76,Technology,Biotechnology: Biological Products (No Diagnostic Substances)
A,2019-11-12,93.57522544070021,183.53197063722487,4518049,21172285399.279213,Consumer Non-Durables,Packaged Foods
A,2019-11-13,103.29814023779404,132.29499243370847,3246158,34687118784.77035,Health Care,Television Services
A,2019-11-14,132.5168713594286,133.57962005544533,2181745,42096815980.96352,Consumer Services,
A,2019-11-15,104.68985434139647,106.60303252319125,10000,68145791112.87594,Technology,"Computer Software: Programming, Data Processing"
A,2019-11-16,121.07072611101768,106.71253977720349,3403984,47472260787.799675,Consumer Services,
A,2019-11-17,81.6010739657741,112.31360100477572,3707614,33569094669.5328,Health Care,Semiconductors
A,2019-11-18,118.4554646010126,124.8194171943396,3916721,41468903065.878525,Health Care,
A,2019-11-19,99.83747387326035,120.0295435694344,193093,39696354597.62705,Capital Goods,Computer Software: Prepackaged Software
A,2019-11-20,98.39079805666306,134.80547366361597,2981528,20853697381.336708,Technology,
A,2019-11-21,110.90117720208207,88.68114116757232,10000,26239005857.350792,,"Computer Software: Programming, Data Processing"
A,2019-11-22,102.78417276300165,104.20409068591755,10000,42808566222.013405,Consumer Non-Durables,Major Pharmaceuticals
A,2019-11-24,92.733549629598,94.04287966810946,1128741,30829253935.826515,Technology,
A,2019-11-25,89.7977395466617,91.96845676258556,6569659,24227531823.832222,,
A,2019-11-26,81.74881427921716,57.646873161869124,1525775,38072612748.50633,Health Care,Medical/Nursing Services
A,2019-11-27,54.71938261765777,60.126687971584886,2355054,48985739251.304,Technology,Computer Software: Prepackaged Software
A,2019-11-28,48.50522568396812,77.8520192925872,448015,39483337577.65365,Technology,
A,2019-11-29,86.09438703593953,71.03499741678597,4130990,12627976594.066513,Consumer Services,Television Services
A,2019-11-30,45.78467353604185,37.29180523625925,3664565,26641427339.21074,Miscellaneous,Semiconductors
A,2019-12-01,60.02891748720798,74.45020168383964,10000,12343274180.41809,Technology,Biotechnology: Biological Products (No Diagnostic Substances)
A,2019-12-02,81.02859999317684,44.737973718037665,2224840,19847738296.84926,Consumer Non-Durables,Computer Software: Prepackaged Software
A,2019-12-04,183.4371962505137,44.62413884268449,4823269,23033622338.32177,Consumer Services,
B,2019-01-01,5.289999961853027,290.5049766147298,6121988,,Technology,Diversified Commercial Services
B,2019-01-02,133.1895118255682,125.00615010503904,6569659,108316524248.51743,Miscellaneous,Biotechnology: Commercial Physical & Biological Resarch
B,2019-01-04,119.56760573827482,88.68309869203281,9349698,65385600285.66309,Technology,Consumer Electronics/Video Chains
B,2019-01-05,102.30612694418004,116.74940410108688,10158259,,Technology,Semiconductors
B,2019-01-06,92.03349850071959,85.0744155163071,10000,64459014000.29259,Health Care,Industrial Machinery/Components
B,2019-01-08,100.69347798533967,117.64141639644471,6569659,49161877580.21242,Consumer Services,EDP Services
B,2019-01-09,87.20907269695154,77.11692057791842,8442994,37938881631.58232,Technology,Clothing/Shoe/Accessory Stores
B,2019-01-10,85.30877848953034,96.14560328601297,6569659,42117721243.79049,Technology,Business Services
B,2019-01-12,72.65108896743979,106.91376978048818,7823510,26757844897.43286,Consumer Services,Semiconductors
B,2019-01-13,76.08017691481696,56.158724443196476,5630543,36744060702.874535,Health Care,Restaurants
B,2019-01-14,69.09773174465616,78.36650587837137,3430952,41986911765.75963,Technology,EDP Services
B,2019-01-16,50.47282693168043,61.66632046138231,1168278,49282703665.59452,Technology,Automotive Aftermarket
B,2019-01-17,49.6917985280208,69.19675905446474,2792078,21340570254.70552,Technology,EDP Services
B,2019-01-18,50.34098550456346,50.52307296837492,5984442,,Health Care,Computer Software: Prepackaged Software
B,2019-01-19,75.07128202225626,80.9357786781183,3554026,33011936394.688255,Capital Goods,Packaged Foods
B,2019-01-21,80.02203026887024,88.44012864924285,4664483,45712123009.01698,Consumer Services,Computer Software: Prepackaged Software
B,2019-01-22,64.6624689128646,83.08946815708754,1851013,49795011983.44485,Health Care,Business Services
B,2019-01-24,183.4371962505137,64.91859373511164,4344195,39993218598.68396,Technology,Railroads
B,2019-01-25,99.03966038707213,87.3089779677184,3435046,41156662322.914055,Technology,Restaurants
B,2019-01-26,73.89050016328925,62.28095680756934,3903451,35400647498.669266,Transportation,Department/Specialty Retail Stores
B,2019-01-27,80.39153021421495,88.39586050639846,5226632,47732271201.1,Technology,Biotechnology: Biological Products (No Diagnostic Substances)
B,2019-01-29,70.02110431656538,76.11927657585467,3492307,31648525508.8059,Consumer Services,EDP Services
B,2019-01-30,92.44006075061255,63.86638483597855,3563506,46356244937.234215,Consumer Services,
B,2019-01-31,71.0949196616243,46.79103941722795,714797,48738745868.92153,Technology,Clothing/Shoe/Accessory Stores
B,2019-02-02,63.1789062761156,68.44204998264458,5083650,35262308959.14179,Consumer Non-Durables,Department/Specialty Retail Stores
B,2019-02-03,183.4371962505137,61.628793927442246,3147891,41055353094.30197,Health Care,
B,2019-02-04,75.27813425467224,79.8299792550778,2427553,49193465266.27594,Technology,Beverages (Production/Distribution)
B,2019-02-05,79.03942293891053,54.27385661928702,1253781,15559212675.117928,Consumer Services,Semiconductors
B,2019-02-07,52.913191917878635,55.18561533291344,3256751,24240195477.408737,Health Care,Computer Software: Prepackaged Software
B,2019-02-08,69.20952407946896,25.26548598001517,3510980,31529354310.754555,Health Care,Clothing/Shoe/Accessory Stores
B,2019-02-10,76.34030621002104,79.79109210996565,1906623,26559015108.753548,Capital Goods,Packaged Foods
B,2019-02-11,47.31454650503653,62.568230105750075,1055637,42312492020.603714,Capital Goods,Other Specialty Stores
B,2019-02-12,71.97054292923627,54.20461467783224,5886190,15773282103.020454,Technology,Computer Software: Prepackaged Software
B,2019-02-14,61.16017764947273,59.010820025870885,1070662,7084675619.070595,Consumer Services,Semiconductors
B,2019-02-15,53.406592621397095,48.559535484308526,4604346,6054795012.700592,Technology,Business Services
B,2019-02-17,51.94178049241788,39.86493163797101,4595901,16995338190.319748,Consumer Services,Semiconductors
B,2019-02-18,45.2366533141018,40.66089795178374,2035112,7910419983.570023,Consumer Services,EDP Services
B,2019-02-19,42.71138020263999,52.482212606007636,3165227,9496582180.014252,Consumer Services,Other Specialty Stores
B,2019-02-21,31.23040130151685,53.832799146113075,7613624,9650751252.024223,Transportation,Computer Software: Prepackaged Software
B,2019-02-22,44.4410158344306,32.68615397498755,10000,24875255111.29316,Health Care,Other Specialty Stores
B,2019-02-24,183.4371962505137,17.659283289988508,10000,,Technology,EDP Services
B,2019-02-25,67.89741847235477,101.23787932751895,976429,35508336829.66268,Consumer Non-Durables,Department/Specialty Retail Stores
B,2019-02-26,71.7764396382286,68.03061872047594,2313909,22433054650.180504,Technology,Beverages (Production/Distribution)
B,2019-02-28,85.7095673027773,60.27261571432632,3967439,,,Other Specialty Stores
B,2019-03-01,99.45851531894239,96.47800498442432,10000,33302153812.090034,Health Care,Other Specialty Stores
B,2019-03-03,114.22045578832727,108.37207283474065,2550756,8221086942.200111,Technology,Semiconductors
B,2019-03-04,87.49214657700261,84.87314162233943,345536,14903116468.79335,Miscellaneous,Business Services
B,2019-03-05,111.96140128062933,99.2136585851771,431398,5893960707.76,Health Care,
B,2019-03-06,92.34806305572893,81.97000995350653,10000,11810921836.32132,Health Care,Consumer Electronics/Video Chains
B,2019-03-07,108.31987192280654,116.82971966185522,1149071,9025879699.303215,Transportation,Business Services
B,2019-03-09,90.18616548417275,183.53197063722487,1950267,10817892886.684181,Consumer Services,Transportation Services
B,2019-03-10,114.25528505392961,75.40750137011659,1518910,23244822264.971672,Health Care,Apparel
B,2019-03-11,124.78190961293524,144.2822358149036,10000,5893960707.76,,
B,2019-03-13,125.19503059214873,120.69908716001794,2089395,5893960707.76,,Radio And Television Broadcasting And Communications Equipment
B,2019-03-14,108.95225626838095,79.83199822649446,10000,,Capital Goods,Semiconductors
B,2019-03-16,112.92190635084542,183.53197063722487,3843135,34092510235.838768,Technology,
B,2019-03-17,112.86214952671524,97.89444510525921,3042975,31290560055.10063,Consumer Services,Semiconductors
B,2019-03-19,103.6271383844184,101.0517916098592,3050931,35075011244.137215,Technology,
B,2019-03-20,89.79104481693389,50.8420441177972,4705625,28129532150.9927,Technology,Computer Software: Prepackaged Software
B,2019-03-21,71.4624805043873,85.68280182923907,3026744,30671813709.6295,Consumer Services,Electronic Components
B,2019-03-23,80.0640149107413,41.70015909944044,2501695,33405073514.487236,Consumer Services,Catalog/Specialty Distribution
B,2019-03-24,78.30239724768214,57.452850008728234,2579417,17359479057.891693,Technology,Computer Software: Prepackaged Software
B,2019-03-26,70.1673881095172,63.319726379576764,1981838,19685713820.333458,Technology,Telecommunications Equipment
B,2019-03-27,78.72366509000476,43.21774091011332,972530,26850074452.498627,Technology,Department/Specialty Retail Stores
B,2019-03-28,84.21831844946004,88.7513048133695,4610242,12863229352.21215,Technology,Semiconductors
B,2019-03-30,66.72361211815003,51.10963683373379,1388650,9428073320.36383,Technology,Auto Manufacturing
B,2019-03-31,87.57830064148162,86.86592785753759,5106057,20546123922.71113,,Semiconductors
B,2019-04-01,61.48153345062799,46.67651106908386,2630150,22881662357.451096,Consumer Services,Computer Software: Prepackaged Software
B,2019-04-02,51.93168136539725,57.42172273636531,2607885,6536581569.582588,,EDP Services
B,2019-04-04,56.90454064597469,86.07170839290707,2215690,22556968442.49594,Technology,Automotive Aftermarket
B,2019-04-05,69.24893787493079,66.0485154775129,10000,,,Semiconductors
B,2019-04-06,183.4371962505137,88.64386919959348,10000,32281627084.63504,Technology,Railroads
B,2019-04-08,105.43081965732709,77.25565902678925,10000,16412281025.300133,Technology,Computer Communications Equipment
B,2019-04-09,60.89736344300165,64.85257336978691,833709,28078780985.500496,,Computer Software: Prepackaged Software
B,2019-04-11,98.15850936096929,51.762651193110514,6569659,21507982287.40896,Health Care,Biotechnology: Biological Products (No Diagnostic Substances)
B,2019-04-12,183.4371962505137,44.30907396404663,5056908,37428531371.78728,Technology,Semiconductors
B,2019-04-14,69.34936759506795,45.0709723297374,327248,39847814443.353424,Miscellaneous,Computer Software: Prepackaged Software
B,2019-04-15,84.26355832688685,44.85492483188176,6569659,24323241083.647133,Capital Goods,Medical/Dental Instruments
B,2019-04-16,69.5988011163032,82.31194470825913,8635900,10498277564.120949,Health Care,Industrial Machinery/Components
B,2019-04-18,51.43850001737448,75.71537695488384,1806140,20855871714.04899,,Television Services
B,2019-04-19,59.547853336765954,52.16938615220127,10000,17601382261.739906,Technology,
B,2019-04-20,52.680780383107276,35.77161631901788,1482120,12333375752.813156,Technology,"Computer Software: Programming, Data Processing"
B,2019-04-21,183.4371962505137,183.53197063722487,10000,24638160156.515625,Consumer Services,Television Services
B,2019-04-23,88.3071312113918,99.13366342639445,10000,27048954447.79474,Technology,Catalog/Specialty Distribution
B,2019-04-24,183.4371962505137,183.53197063722487,1079585,,Health Care,Hotels/Resorts
B,2019-04-25,165.59659043163802,189.85188444316424,3100885,59097885803.339966,,Catalog/Specialty Distribution
B,2019-04-27,150.50866137302933,152.4211331405449,3341443,39124219302.78565,Consumer Services,"Computer Software: Programming, Data Processing"
B,2019-04-28,144.42973490886476,138.25001007409904,3158434,45545174422.00711,,Business Services
B,2019-04-29,126.05113999486596,105.71436908694409,4697050,38459767556.81094,Miscellaneous,Computer Software: Prepackaged Software
B,2019-04-30,132.50669326442954,141.44649390070413,1253645,21328725355.18763,Technology,EDP Services
B,2019-05-02,94.42582463336625,95.7273075210277,6569659,23644536451.571754,Consumer Services,EDP Services
B,2019-05-03,70.00800440636402,52.38147471045295,3817330,21021557411.543915,Technology,
B,2019-05-04,59.0185836225957,58.89710804443004,4120469,29339793545.3909,Capital Goods,Broadcasting
B,2019-05-05,63.94272843469493,83.77167859877646,7465891,50401098537.38692,Consumer Services,
B,2019-05-06,58.68597049740271,28.25231718127347,4305443,64377896521.24177,Technology,Semiconductors
B,2019-05-07,52.83127580157597,55.08460531512435,4433917,34133764626.660446,Consumer Services,Semiconductors
B,2019-05-08,71.95325771617755,35.76875464648819,3480867,31502026463.024338,Consumer Services,EDP Services
B,2019-05-10,64.722265220984,5.269999980926514,10000,41886261016.23715,Health Care,Department/Specialty Retail Stores
B,2019-05-11,34.63357020352575,66.1532737596277,3302177,27786408545.623665,Technology,Biotechnology: Laboratory Analytical Instruments
B,2019-05-12,44.86446845749009,34.446223030937716,3020291,12391646324.68335,Technology,Electronic Components
B,2019-05-14,57.198178686697204,5.269999980926514,3309753,,Technology,EDP Services
B,2019-05-15,43.076264908355824,34.87733487535047,10000,32259597966.001183,Technology,Business Services
B,2019-05-17,57.046981330642396,21.35860072604899,10000,31949649348.196114,Consumer Services,Biotechnology: Commercial Physical & Biological Resarch
B,2019-05-18,32.995440910308446,50.681456886943494,10000,19450210029.103806,Miscellaneous,Business Services
B,2019-05-20,70.01300571166527,37.6485925981292,10000,,Miscellaneous,
B,2019-05-21,56.086502583085775,78.11417834197202,1551079,33025866799.827164,Technology,Industrial Machinery/Components
B,2019-05-22,183.4371962505137,31.929829726034058,2270144,14852056339.505447,Consumer Services,Telecommunications Equipment
B,2019-05-24,89.12472178906955,72.19229816722444,1589284,21951368506.532112,Consumer Services,Biotechnology: Biological Products (No Diagnostic Substances)
B,2019-05-25,183.4371962505137,60.59078805331852,874106,22106035782.66266,Consumer Services,Semiconductors
B,2019-05-26,93.62191306439843,68.22573036255451,3110939,24854902121.251007,Consumer Services,Television Services
B,2019-05-27,74.929376564998,61.573008869386314,3699515,27130582682.62033,Technology,RETAIL: Building Materials
B,2019-05-28,67.45504863134877,86.01816175968266,4257789,7705951605.619072,Transportation,Electronic Components
B,2019-05-29,62.369054560325054,65.75750269314305,2566881,24406854410.860138,Technology,
B,2019-05-30,62.530359817620294,65.91978410435942,200228,,Consumer Non-Durables,Computer Software: Prepackaged Software
B,2019-05-31,71.49354124257405,64.33508466128754,2165584,38463934706.00554,Consumer Services,Computer Software: Prepackaged Software
B,2019-06-02,49.72641282523739,46.167212362026845,2706195,33470315081.998062,Consumer Services,Computer Software: Prepackaged Software
B,2019-06-03,76.39673321772696,60.1314808341653,3237110,18491522405.35942,Consumer Services,Auto Manufacturing
B,2019-06-04,57.90136221205377,49.38534746254146,5325455,30134606771.892693,Consumer Services,
B,2019-06-05,47.687538589872275,86.136534931655,10000,44614459607.91647,Consumer Services,Electronic Components
B,2019-06-06,183.4371962505137,37.86084794097616,1953029,22035692450.475243,Technology,EDP Services
B,2019-06-08,62.327605145863416,44.00068924735692,4546588,16553384790.79918,Health Care,Computer Software: Prepackaged Software
B,2019-06-09,45.68508614100807,45.88486359847545,10000,12233313965.526237,Health Care,Semiconductors
B,2019-06-10,59.27954646868332,67.74574185358543,3814538,5893960707.76,Miscellaneous,Semiconductors
B,2019-06-12,68.63211899532907,24.192762575661533,10000,6983663768.111877,Technology,Semiconductors
B,2019-06-13,59.52164474214341,47.63057162295755,10000,6464936727.405754,,Semiconductors
B,2019-06-14,38.25656840907439,37.59019165536819,2062196,5893960707.76,Consumer Services,
B,2019-06-15,44.38708070515548,183.53197063722487,546444,,,Semiconductors
B,2019-06-16,75.4377109906616,113.6057295442323,2392296,43837896486.6223,Technology,
B,2019-06-18,105.33147794044847,49.53138054292202,731831,33638009044.165077,Capital Goods,Computer Software: Prepackaged Software
B,2019-06-19,81.7944928676353,100.158370423578,10000,26295229544.07444,Technology,Electronic Components
B,2019-06-20,83.99636578472222,79.80718243434275,6569659,9813698757.879707,Miscellaneous,Semiconductors
B,2019-06-21,80.56448763544013,59.21959044848998,3010284,,,
B,2019-06-23,62.560034229074404,102.85220498159617,2527532,61484853192.89896,,
B,2019-06-24,57.46690671733151,58.1313736330476,2222071,60263400550.51315,Technology,Computer Software: Prepackaged Software
B,2019-06-25,183.4371962505137,74.68472715922601,7444104,22583044986.853554,Technology,Computer Software: Prepackaged Software
B,2019-06-26,98.65062902839304,95.52117053938686,4052433,33629520263.878044,Technology,Transportation Services
B,2019-06-27,103.84952976014758,105.91143825348315,3827195,22250039945.7939,Technology,"Computer Software: Programming, Data Processing"
B,2019-06-28,87.42913890442662,108.54127141759324,3837289,26856740346.390984,,Semiconductors
B,2019-06-29,89.1285736715735,38.55836745288531,1416661,20754971862.466217,Health Care,Biotechnology: Biological Products (No Diagnostic Substances)
B,2019-06-30,80.14366727832868,83.90040997192993,2030609,34732907219.294014,Public Utilities,Television Services
B,2019-07-01,91.09399891276877,111.69437369314996,10000,35153221566.97281,Technology,Major Pharmaceuticals
B,2019-07-02,85.64383084783518,61.5328401163314,301342,29219568008.386703,Consumer Services,Clothing/Shoe/Accessory Stores
B,2019-07-03,98.43140514602133,104.33308540316884,4747666,15490703815.467514,Technology,Computer Software: Prepackaged Software
B,2019-07-05,92.9357515255058,61.145864742714124,10000,11273000419.806938,Consumer Services,EDP Services
B,2019-07-06,72.86265295590273,73.65819430963087,4184273,5893960707.76,Technology,Television Services
B,2019-07-07,66.69183189393749,64.36256900696388,2485788,20716695110.225662,Consumer Services,Semiconductors
B,2019-07-08,70.05530622545011,58.02535129926325,4334624,12126474284.971008,Technology,Biotechnology: In Vitro & In Vivo Diagnostic Substances
B,2019-07-09,81.49170331563347,76.06023482912231,2356902,10175058951.290298,Consumer Services,Semiconductors
B,2019-07-10,68.55151023778059,58.35559357607244,6569659,5893960707.76,Technology,Semiconductors
B,2019-07-11,72.44353479743768,38.66995512527038,10000,16830440350.503868,Technology,"Computer Software: Programming, Data Processing"
B,2019-07-13,66.65955153919482,65.90866220529462,669091,9906573274.869003,Public Utilities,Other Specialty Stores
B,2019-07-14,68.25544173816607,63.90276143402478,3116009,6249484686.517441,,
B,2019-07-15,183.4371962505137,51.86918265881732,2782792,10534055571.663734,Consumer Non-Durables,Semiconductors
B,2019-07-16,71.95352094277236,48.18185615734447,4557416,15430363186.166077,Consumer Services,Broadcasting
B,2019-07-18,52.886219966131165,55.13800272002666,8598345,24188695074.711952,Technology,Apparel
B,2019-07-19,48.54932491281744,29.702061552346635,3788689,22243513085.609604,,EDP Services
B,2019-07-20,15.25040608734085,14.834092695975215,10775975,20643520897.26008,Transportation,Television Services
B,2019-07-22,20.235373791279216,17.020199833386727,8352130,24511133553.958443,Health Care,Television Services
B,2019-07-23,183.4371962505137,20.380400296541325,1283970,29113388737.9448,Public Utilities,Broadcasting
B,2019-07-24,54.54307344445877,25.487362160569347,4144557,55083828169.524284,Health Care,Industrial Machinery/Components
B,2019-07-25,44.86536342791243,35.85327054561685,4183905,54533454546.53108,Technology,Computer Software: Prepackaged Software
B,2019-07-26,183.4371962505137,44.0688953686936,1758701,23624592838.558914,Public Utilities,Biotechnology: Commercial Physical & Biological Resarch
B,2019-07-27,74.09904582013179,52.69529309369446,2370585,30524171497.803818,Capital Goods,Computer Software: Prepackaged Software
B,2019-07-28,71.65003822740422,183.53197063722487,721621,20102150672.37613,Technology,Catalog/Specialty Distribution
B,2019-07-29,106.15022671514333,86.23317343742019,408974,13304004827.26159,Consumer Non-Durables,
B,2019-07-30,89.27362907374958,78.97171450585626,1131333,20137492268.55748,Health Care,Major Pharmaceuticals
B,2019-08-01,91.63971151489439,103.08848608430138,937583,17922306818.387444,Technology,Transportation Services
B,2019-08-02,109.79716099237942,105.92292883428492,110771,14873741735.91658,Technology,Other Specialty Stores
B,2019-08-03,110.7311766929385,123.64584616772385,2247349,5893960707.76,Health Care,Apparel
B,2019-08-05,124.33100684314772,183.53197063722487,10000,5893960707.76,Health Care,Biotechnology: In Vitro & In Vivo Diagnostic Substances
B,2019-08-06,183.4371962505137,101.48659027164152,1208359,5893960707.76,Health Care,Business Services
B,2019-08-08,129.63103484551564,97.86355484258434,1398772,6526165627.619835,Capital Goods,EDP Services
B,2019-08-09,116.64973016066445,137.45626462884462,868528,5893960707.76,Technology,
B,2019-08-11,104.07534308160919,129.8076986516145,2423706,10868810120.216568,,Computer Software: Prepackaged Software
B,2019-08-12,118.06245413364206,183.53197063722487,2657201,5893960707.76,Health Care,Television Services
B,2019-08-14,128.87877710866798,148.0965687856892,1207305,16980187378.187805,Technology,Major Pharmaceuticals
B,2019-08-15,167.14144757454184,141.29199430757848,1362084,11731634002.2482,Technology,Telecommunications Equipment
B,2019-08-17,144.63318274398796,149.45265263383672,1753119,13547584159.701508,Technology,Electronic Components
B,2019-08-18,164.18907176457262,155.22539007331525,1149268,9668814047.930702,Consumer Services,Semiconductors
B,2019-08-19,173.528645284545,120.35644137620119,2201396,10092890029.82222,Consumer Services,Biotechnology: Biological Products (No Diagnostic Substances)
B,2019-08-21,152.2031189639795,129.69436851911547,2552161,,,Diversified Commercial Services
B,2019-08-22,119.11056540171849,154.38464648473564,261265,45532985800.266495,Health Care,Transportation Services
B,2019-08-23,183.4371962505137,159.6682859039945,395912,47585256571.984344,Consumer Non-Durables,Computer Software: Prepackaged Software
B,2019-08-24,151.3843965119441,130.56345671075763,1054454,46314633307.02375,Technology,Computer Software: Prepackaged Software
B,2019-08-25,183.4371962505137,123.73028306362315,3066207,,,Computer Software: Prepackaged Software
B,2019-08-27,131.46236368509847,162.89745731674213,6569659,49943360949.95321,Consumer Non-Durables,Computer Software: Prepackaged Software
B,2019-08-28,147.1782066242798,132.11469389713255,2926012,31893224835.005257,Miscellaneous,Auto Manufacturing
B,2019-08-29,149.6530893912765,141.91096705324304,690583,33399512166.164528,Technology,Semiconductors
B,2019-08-31,134.5643004591248,90.76431587528062,5206234,12199555808.797882,Technology,Medical/Dental Instruments
B,2019-09-01,109.95328945997686,101.46471515524884,2317670,13477986202.671227,Consumer Services,Biotechnology: Biological Products (No Diagnostic Substances)
B,2019-09-02,109.53160922932238,93.57358292951207,2238663,25107734919.37233,Health Care,
B,2019-09-03,84.32227540596756,101.26626782126449,3287180,,Health Care,Apparel
B,2019-09-05,110.67753550002757,103.16869191836228,6569659,42135957831.832054,Technology,Packaged Foods
B,2019-09-06,119.3594242115551,106.97838564395785,3175461,43852375302.49859,Health Care,Major Pharmaceuticals
B,2019-09-07,100.6447722910813,117.22206725506814,2513035,44570187027.01549,Health Care,Semiconductors
B,2019-09-09,113.79603361397693,183.53197063722487,2402346,,,EDP Services
B,2019-09-10,150.16559595846772,110.72091784647144,4254876,58233766204.39009,Technology,Electronic Components
B,2019-09-11,139.24553976953987,133.81473805505183,3815996,38045620898.903946,Consumer Services,
B,2019-09-12,183.4371962505137,123.59105303910306,1707113,40287240132.82037,Technology,
B,2019-09-13,135.3471582876183,90.08593270114675,5830816,37691154460.18504,Consumer Durables,Hotels/Resorts
B,2019-09-15,121.19217447474985,93.30528796264794,6569659,38192019531.451904,Technology,EDP Services
B,2019-09-16,87.42757709329746,78.80184878462252,6493016,45244730302.96745,Consumer Services,Computer Software: Prepackaged Software
B,2019-09-18,66.1089516966257,93.23498386666525,2894235,34681464747.30892,Consumer Services,Biotechnology: Biological Products (No Diagnostic Substances)
B,2019-09-19,77.72529926123617,87.18905984370548,1312977,47674294144.835724,Health Care,
B,2019-09-21,63.84490465784633,66.67334324028575,3968623,44432476070.198044,,Major Pharmaceuticals
B,2019-09-22,74.11025049885056,78.07601100406058,4997914,42690323846.372894,Consumer Services,Semiconductors
B,2019-09-24,65.28414871025035,46.5784505051904,4210031,33870523610.671265,Consumer Services,
B,2019-09-25,53.29575667654538,27.63567064180637,3419124,32865000937.545258,Transportation,Biotechnology: Biological Products (No Diagnostic Substances)
B,2019-09-26,61.47509317327514,34.2531566946856,2024798,29554005869.048943,Technology,
B,2019-09-28,45.001749900899654,50.809477231032815,6427134,26034641754.680885,Consumer Services,EDP Services
B,2019-09-30,66.40772265594686,5.269999980926514,4332810,,Technology,Major Pharmaceuticals
B,2019-10-01,36.341129898232225,97.76989212512456,4589895,29028744244.06363,Consumer Services,Other Specialty Stores
B,2019-10-02,56.70629592320877,65.93282841533836,5687237,25109476702.77063,Consumer Services,Biotechnology: Biological Products (No Diagnostic Substances)
B,2019-10-03,23.69518905648971,183.53197063722487,3152742,32889934315.85875,Miscellaneous,Department/Specialty Retail Stores
B,2019-10-04,83.865752748381,77.1861800756464,1851699,23219545164.435455,Transportation,Industrial Specialties
B,2019-10-06,90.20075701174466,76.4950598253144,4577591,24191518231.395218,Technology,Business Services
B,2019-10-07,92.13379660755933,83.09932600448279,1139661,19289236029.4934,Health Care,
B,2019-10-08,93.84750703036437,59.23427627101202,6569659,45467468096.36326,,Major Pharmaceuticals
B,2019-10-09,66.04248698143795,59.167931114633305,10000,,Miscellaneous,Biotechnology: Biological Products (No Diagnostic Substances)
B,2019-10-10,67.16950919552637,57.98988762742282,1492278,42237195612.566376,Technology,Television Services
B,2019-10-11,66.01619941883696,57.78942132202181,402371,26411268621.646812,Consumer Non-Durables,Biotechnology: Biological Products (No Diagnostic Substances)
B,2019-10-13,67.56941181257083,47.85564304523203,473555,37860362344.95102,Miscellaneous,Business Services
B,2019-10-14,61.20984850791204,49.25572071945538,4258050,28912345996.078743,Consumer Services,Biotechnology: In Vitro & In Vivo Diagnostic Substances
B,2019-10-15,84.26598001155904,60.78551345738694,3217562,,Technology,Apparel
B,2019-10-16,107.50517683767163,94.8078503816082,2639965,39300062185.06442,Technology,Major Pharmaceuticals
B,2019-10-17,94.28180458912973,103.44039280222496,6569659,31161818703.477287,Consumer Non-Durables,Biotechnology: Biological Products (No Diagnostic Substances)
B,2019-10-18,183.4371962505137,83.2440950331938,5761731,36534444215.67763,Technology,EDP Services
B,2019-10-19,94.64065263160475,77.17842898103375,6182419,30619378691.450706,Consumer Non-Durables,Packaged Foods
B,2019-10-20,54.92457652252648,90.56926568015821,2580578,61590088192.740234,Technology,Semiconductors
B,2019-10-21,84.76060910585323,91.41186145555916,2071712,49790464422.5768,Technology,Computer Software: Prepackaged Software
B,2019-10-22,100.45845173305996,98.95694198048066,4761357,31764761550.798042,Health Care,Telecommunications Equipment
B,2019-10-23,94.12400901976521,95.63068657153569,3724000,37846617318.08954,Health Care,
B,2019-10-24,108.69625085649544,72.74453074036353,2455778,58008955457.027466,Technology,Apparel
B,2019-10-25,91.05008394253582,117.65913506516004,2520947,28342755790.50448,Technology,Business Services
B,2019-10-26,112.83007097902859,120.5847519308789,217764,23170983779.84533,Consumer Services,Electronic Components
B,2019-10-27,121.90948449402751,78.13837088642555,6569659,34883256726.37957,Technology,Industrial Specialties
B,2019-10-28,127.60006179510454,104.42081410029095,4023362,16723635428.375664,Technology,
B,2019-10-29,90.17522403204877,124.35799883333547,3486657,23919340437.615234,Consumer Services,Biotechnology: Biological Products (No Diagnostic Substances)
B,2019-10-30,111.8733651459975,103.97124183462066,6569659,29536873826.577034,,
B,2019-10-31,78.56983546800193,88.32472248743933,10000,42414241522.62468,Consumer Services,Semiconductors
B,2019-11-01,106.0660907212245,89.50637378879001,4884427,31546860971.82876,Technology,Semiconductors
B,2019-11-02,76.55097522806166,76.90666665021492,6569659,40964818978.06515,Health Care,Biotechnology: Biological Products (No Diagnostic Substances)
B,2019-11-03,84.85066769815514,57.423917270513854,7150794,54846623146.39452,Consumer Services,Television Services
B,2019-11-04,81.16307368624184,41.95036232678402,5390521,47810166767.06871,Consumer Services,Electronic Components
B,2019-11-05,49.58699924640993,58.940261363926965,3444794,38328836424.28552,,Major Pharmaceuticals
B,2019-11-06,183.4371962505137,43.887433729018966,6569659,39325858730.98217,Technology,Major Pharmaceuticals
B,2019-11-07,61.964176960638824,77.871901771973,7925998,28597341958.166428,Health Care,Industrial Machinery/Components
B,2019-11-08,62.537791581813565,33.00465988317032,5439731,21906445170.63642,Health Care,Computer Software: Prepackaged Software
B,2019-11-10,63.14109816288206,56.234286642999066,1660019,27241407996.140167,Technology,EDP Services
B,2019-11-11,51.51299314370371,32.9909835463566,2712479,5893960707.76,Consumer Services,Semiconductors
B,2019-11-13,49.178875185387795,30.68860121161876,4055103,,Health Care,
B,2019-11-14,42.88153864774043,43.164694630674774,3259455,46906188907.44901,Technology,Biotechnology: Commercial Physical & Biological Resarch
B,2019-11-15,42.12490257519923,56.693260292961725,10000,32353719924.31565,Technology,Semiconductors
B,2019-11-16,65.80875053947277,29.976852340290463,3727246,13791920453.44091,Consumer Services,Television Services
B,2019-11-18,24.88713172307635,46.088560258143104,4749898,28581449632.92479,Miscellaneous,Department/Specialty Retail Stores
B,2019-11-19,39.9263726358663,37.56699104034982,2513282,22305560739.882317,Health Care,Semiconductors
B,2019-11-20,63.83199778048116,23.776520894639276,134518,32314535590.9252,Consumer Services,Major Pharmaceuticals
B,2019-11-22,43.146555183388045,48.06285973767393,4276994,,Capital Goods,Computer Software: Prepackaged Software
B,2019-11-23,61.044006978966365,11.221854374928853,1011540,31287072626.2566,,Semiconductors
B,2019-11-24,183.4371962505137,37.30402440239834,834980,24195052004.8086,Technology,Biotechnology: Laboratory Analytical Instruments
B,2019-11-26,93.95053391957025,89.62164827854463,436839,9863360825.992043,Consumer Services,Industrial Specialties
B,2019-11-27,84.45589799970935,73.01868950247257,4132071,5893960707.76,Consumer Non-Durables,Medical/Nursing Services
B,2019-11-28,59.54698468900311,84.60914794240644,3173444,32575061587.55961,,Industrial Specialties
B,2019-11-30,82.72719243522037,52.78036201542852,2470605,16280515690.526306,Public Utilities,Consumer Electronics/Video Chains
B,2019-12-01,60.41099966378427,58.249887255205465,3409982,10555200281.43238,Health Care,Restaurants
B,2019-12-02,46.54035321862196,75.40919555047927,1129337,25521897025.469124,Technology,
B,2019-12-03,57.58631507495396,67.00584149819963,4233824,28641392471.33925,,Semiconductors
B,2019-12-04,55.83045330010114,86.42037597842742,2019994,14643849499.62645,Health Care,Industrial Specialties
B,2019-12-05,55.94925623655553,88.58392330479191,3226438,5893960707.76,Consumer Services,Other Specialty Stores
B,2019-12-06,77.4131125197999,183.53197063722487,3769004,5893960707.76,,Electronic Components
B,2019-12-07,106.06322155134114,87.19808376812429,7315963,24746857481.892532,Health Care,Semiconductors
B,2019-12-08,183.4371962505137,77.84890305409628,2509114,19831482939.147667,Consumer Services,Computer Software: Prepackaged Software
B,2019-12-09,83.9759394009655,85.74740891457215,1829471,22362216975.919952,Technology,Computer Software: Prepackaged Software
B,2019-12-11,82.58578710849223,89.07516538487472,1138252,24246088961.81183,Technology,
B,2019-12-12,91.50764195806194,107.73765934680698,10000,14011755918.180801,Consumer Services,Computer Software: Prepackaged Software
B,2019-12-13,114.32217970588887,76.75774556289487,2347958,14213953412.233315,Consumer Services,
B,2019-12-14,78.04517221924071,91.73052537020064,4027900,24508051640.096275,,Semiconductors
B,2019-12-15,76.44991376409699,78.82658557354489,3707812,31098260988.65306,Technology,Computer Software: Prepackaged Software
B,2019-12-16,72.40265570726478,69.811930866984,6569659,5893960707.76,Capital Goods,Railroads
B,2019-12-17,74.37384561088622,78.28392994743004,3212775,,Public Utilities,Semiconductors
B,2019-12-18,80.99911861455891,58.21214126785054,2238822,36655395817.60173,Health Care,Industrial Machinery/Components
B,2019-12-19,75.51604722527496,106.65473574773088,2304843,26730238982.286507,Technology,Clothing/Shoe/Accessory Stores
B,2019-12-20,72.28318593010356,61.83874062036496,10000,21227215300.108337,Consumer Services,Computer Software: Prepackaged Software
B,2019-12-22,101.47658587909824,76.76270521007056,2844814,7416166737.5312805,Technology,
B,2019-12-23,81.21800907657722,53.42756524837992,1061949,17430139077.96972,Technology,Business Services
B,2019-12-24,80.1092811108276,89.84945847943646,2602574,5893960707.76,Technology,
B,2019-12-26,78.38689298461388,70.6064751226685,10000,13049773967.964699,Technology,Biotechnology: Biological Products (No Diagnostic Substances)
B,2019-12-27,75.78369602687059,89.64719265603365,1587701,21143980453.545074,Consumer Services,Biotechnology: Biological Products (No Diagnostic Substances)
B,2019-12-28,87.40626451333824,57.46396312965645,1183551,37540905366.3331,Consumer Non-Durables,Semiconductors
B,2019-12-29,64.68231619811274,91.4712543277553,2313800,25931250882.49523,Health Care,Business Services
B,2019-12-31,62.197413272073874,94.28383951761937,5146878,22672771935.174095,Technology,Business Services
B,2020-01-01,75.92531193487456,79.44733150280145,2333061,12791843267.214218,,Electronic Components
B,2020-01-02,52.33794529181611,60.95221027131019,5680422,26149715320.391685,Capital Goods,Broadcasting
B,2020-01-04,53.882901144692994,70.7110578420514,2876569,,Technology,Semiconductors
B,2020-01-05,77.77604934871418,58.75538502911721,3780913,,Technology,Diversified Commercial Services
B,2020-01-06,78.16608096845353,183.53197063722487,700086,55144659278.851395,Technology,Computer Software: Prepackaged Software
B,2020-01-07,108.57042854417963,84.42584289404702,851834,37729597280.4658,Consumer Services,Business Services
B,2020-01-09,91.19582373385838,77.75847946903976,5085035,41262994144.23009,Technology,Computer Software: Prepackaged Software
B,2020-01-10,105.58682528584696,72.03760984416202,4838482,31520069948.69358,Technology,Biotechnology: Biological Products (No Diagnostic Substances)
B,2020-01-12,111.18969109842574,107.62967071042553,3014547,36624619161.50194,Health Care,Biotechnology: Biological Products (No Diagnostic Substances)
